Position,Name + ID,Name,ID,Roster Position,Salary,Game Info,TeamAbbrev,AvgPointsPerGame,Status
RB,Jahmyr Gibbs (44391896),Jahmyr Gibbs,44391896,RB/FLEX,9800,DET@ARI 10/11/2026 04:25PM ET,DET,30,
WR,Jaxon Smith-Njigba (44392166),Jaxon Smith-Njigba,44392166,WR/FLEX,8800,SF@SEA 10/11/2026 04:25PM ET,SEA,31.4,
RB,Christian McCaffrey (44391898),Christian McCaffrey,44391898,RB/FLEX,8200,SF@SEA 10/11/2026 04:25PM ET,SF,18.5,
WR,Ja'Marr Chase (44392168),Ja'Marr Chase,44392168,WR/FLEX,8100,CIN@MIA 10/11/2026 01:00PM ET,CIN,15.1,Q
WR,Amon-Ra St. Brown (44392170),Amon-Ra St. Brown,44392170,WR/FLEX,7900,DET@ARI 10/11/2026 04:25PM ET,DET,23.6,
RB,Jonathan Taylor (44391900),Jonathan Taylor,44391900,RB/FLEX,7800,IND@PIT 10/11/2026 01:00PM ET,IND,21.8,
WR,Chris Olave (44392172),Chris Olave,44392172,WR/FLEX,7700,MIN@NO 10/11/2026 01:00PM ET,NO,25.5,
WR,Nico Collins (44392174),Nico Collins,44392174,WR/FLEX,7500,HOU@TEN 10/11/2026 01:00PM ET,HOU,27.5,
WR,Justin Jefferson (44392176),Justin Jefferson,44392176,WR/FLEX,7300,MIN@NO 10/11/2026 01:00PM ET,MIN,15,Q
RB,Ashton Jeanty (44391902),Ashton Jeanty,44391902,RB/FLEX,7200,LV@NE 10/11/2026 01:00PM ET,LV,19.2,
WR,Tee Higgins (44392178),Tee Higgins,44392178,WR/FLEX,7100,CIN@MIA 10/11/2026 01:00PM ET,CIN,18.5,Q
TE,Brock Bowers (44392588),Brock Bowers,44392588,TE/FLEX,7000,LV@NE 10/11/2026 01:00PM ET,LV,25.6,
QB,Joe Burrow (44391824),Joe Burrow,44391824,QB,6900,CIN@MIA 10/11/2026 01:00PM ET,CIN,20.9,
RB,Chase Brown (44391904),Chase Brown,44391904,RB/FLEX,6900,CIN@MIA 10/11/2026 01:00PM ET,CIN,14.5,
RB,Jaylen Warren (44391906),Jaylen Warren,44391906,RB/FLEX,6700,IND@PIT 10/11/2026 01:00PM ET,PIT,15.1,
TE,Trey McBride (44392590),Trey McBride,44392590,TE/FLEX,6700,DET@ARI 10/11/2026 04:25PM ET,ARI,17.3,
QB,Jared Goff (44391825),Jared Goff,44391825,QB,6600,DET@ARI 10/11/2026 04:25PM ET,DET,23,
WR,Garrett Wilson (44392180),Garrett Wilson,44392180,WR/FLEX,6600,CLE@NYJ 10/11/2026 01:00PM ET,NYJ,16.5,
QB,Brock Purdy (44391826),Brock Purdy,44391826,QB,6500,SF@SEA 10/11/2026 04:25PM ET,SF,25.4,
RB,Aaron Jones Sr. (44391908),Aaron Jones Sr.,44391908,RB/FLEX,6500,MIN@NO 10/11/2026 01:00PM ET,MIN,13.6,
WR,Mike Evans (44392182),Mike Evans,44392182,WR/FLEX,6500,SF@SEA 10/11/2026 04:25PM ET,SF,12.6,
WR,Christian Watson (44392184),Christian Watson,44392184,WR/FLEX,6400,CHI@GB 10/11/2026 01:00PM ET,GB,20,
QB,Drake Maye (44391827),Drake Maye,44391827,QB,6300,LV@NE 10/11/2026 01:00PM ET,NE,14.2,
RB,Josh Jacobs (44391910),Josh Jacobs,44391910,RB/FLEX,6300,CHI@GB 10/11/2026 01:00PM ET,GB,0,OUT
WR,Malik Nabers (44392186),Malik Nabers,44392186,WR/FLEX,6300,NYG@WAS 10/11/2026 01:00PM ET,NYG,12,
QB,Caleb Williams (44391828),Caleb Williams,44391828,QB,6200,CHI@GB 10/11/2026 01:00PM ET,CHI,23,OUT
RB,D'Andre Swift (44391912),D'Andre Swift,44391912,RB/FLEX,6200,CHI@GB 10/11/2026 01:00PM ET,CHI,17.1,
WR,Michael Wilson (44392188),Michael Wilson,44392188,WR/FLEX,6200,DET@ARI 10/11/2026 04:25PM ET,ARI,14.2,
QB,Tyler Shough (44391829),Tyler Shough,44391829,QB,6100,MIN@NO 10/11/2026 01:00PM ET,NO,26.1,
RB,Jeremiyah Love (44391914),Jeremiyah Love,44391914,RB/FLEX,6100,DET@ARI 10/11/2026 04:25PM ET,ARI,12.2,Q
WR,Jaylen Waddle (44392190),Jaylen Waddle,44392190,WR/FLEX,6100,DEN@LAC 10/11/2026 04:05PM ET,DEN,11.7,
QB,Jayden Daniels (44391830),Jayden Daniels,44391830,QB,6000,NYG@WAS 10/11/2026 01:00PM ET,WAS,16.2,Q
RB,Omarion Hampton (44391916),Omarion Hampton,44391916,RB/FLEX,6000,DEN@LAC 10/11/2026 04:05PM ET,LAC,11.7,
RB,Cam Skattebo (44391918),Cam Skattebo,44391918,RB/FLEX,6000,NYG@WAS 10/11/2026 01:00PM ET,NYG,11.1,
WR,Josh Downs (44392192),Josh Downs,44392192,WR/FLEX,6000,IND@PIT 10/11/2026 01:00PM ET,IND,9.3,
QB,C.J. Stroud (44391831),C.J. Stroud,44391831,QB,5900,HOU@TEN 10/11/2026 01:00PM ET,HOU,19.1,
RB,Breece Hall (44391920),Breece Hall,44391920,RB/FLEX,5900,CLE@NYJ 10/11/2026 01:00PM ET,NYJ,15.2,D
WR,Jameson Williams (44392194),Jameson Williams,44392194,WR/FLEX,5900,DET@ARI 10/11/2026 04:25PM ET,DET,10.5,
QB,Sam Darnold (44391832),Sam Darnold,44391832,QB,5800,SF@SEA 10/11/2026 04:25PM ET,SEA,15.8,
RB,David Montgomery (44391922),David Montgomery,44391922,RB/FLEX,5800,HOU@TEN 10/11/2026 01:00PM ET,HOU,11.1,
WR,Jordan Addison (44392196),Jordan Addison,44392196,WR/FLEX,5800,MIN@NO 10/11/2026 01:00PM ET,MIN,8.3,
QB,Jordan Love (44391833),Jordan Love,44391833,QB,5700,CHI@GB 10/11/2026 01:00PM ET,GB,18.7,
RB,Quinshon Judkins (44391924),Quinshon Judkins,44391924,RB/FLEX,5700,CLE@NYJ 10/11/2026 01:00PM ET,CLE,12.1,
WR,Matthew Golden (44392198),Matthew Golden,44392198,WR/FLEX,5700,CHI@GB 10/11/2026 01:00PM ET,GB,15.3,
QB,Bo Nix (44391834),Bo Nix,44391834,QB,5600,DEN@LAC 10/11/2026 04:05PM ET,DEN,15.3,
RB,Tony Pollard (44391926),Tony Pollard,44391926,RB/FLEX,5600,HOU@TEN 10/11/2026 01:00PM ET,TEN,9.6,
WR,Ladd McConkey (44392200),Ladd McConkey,44392200,WR/FLEX,5600,DEN@LAC 10/11/2026 04:05PM ET,LAC,9.1,Q
QB,Jacoby Brissett (44391835),Jacoby Brissett,44391835,QB,5500,DET@ARI 10/11/2026 04:25PM ET,ARI,15.8,
RB,Zach Charbonnet (44391928),Zach Charbonnet,44391928,RB/FLEX,5500,SF@SEA 10/11/2026 04:25PM ET,SEA,0,OUT
RB,Rhamondre Stevenson (44391930),Rhamondre Stevenson,44391930,RB/FLEX,5500,LV@NE 10/11/2026 01:00PM ET,NE,11.1,
WR,Deebo Samuel Sr. (44392202),Deebo Samuel Sr.,44392202,WR/FLEX,5500,SF@SEA 10/11/2026 04:25PM ET,SF,14.5,
WR,Stefon Diggs (44392204),Stefon Diggs,44392204,WR/FLEX,5500,NYG@WAS 10/11/2026 01:00PM ET,WAS,13.3,
QB,Kirk Cousins (44391836),Kirk Cousins,44391836,QB,5400,LV@NE 10/11/2026 01:00PM ET,LV,21.5,
RB,Braelon Allen (44391932),Braelon Allen,44391932,RB/FLEX,5400,CLE@NYJ 10/11/2026 01:00PM ET,NYJ,6.5,
RB,Alvin Kamara (44391934),Alvin Kamara,44391934,RB/FLEX,5400,MIN@NO 10/11/2026 01:00PM ET,NO,6.2,
WR,Jordyn Tyson (44392206),Jordyn Tyson,44392206,WR/FLEX,5400,MIN@NO 10/11/2026 01:00PM ET,NO,0,IR
WR,DK Metcalf (44392208),DK Metcalf,44392208,WR/FLEX,5400,IND@PIT 10/11/2026 01:00PM ET,PIT,11.6,
QB,Aaron Rodgers (44391837),Aaron Rodgers,44391837,QB,5300,IND@PIT 10/11/2026 01:00PM ET,PIT,16.5,
RB,Ollie Gordon II (44391936),Ollie Gordon II,44391936,RB/FLEX,5300,CIN@MIA 10/11/2026 01:00PM ET,MIA,9.1,
RB,Emanuel Wilson (44391938),Emanuel Wilson,44391938,RB/FLEX,5300,SF@SEA 10/11/2026 04:25PM ET,SEA,9.5,
WR,Carnell Tate (44392210),Carnell Tate,44392210,WR/FLEX,5300,HOU@TEN 10/11/2026 01:00PM ET,TEN,12.7,
WR,Terry McLaurin (44392212),Terry McLaurin,44392212,WR/FLEX,5300,NYG@WAS 10/11/2026 01:00PM ET,WAS,10,Q
QB,Kyler Murray (44391838),Kyler Murray,44391838,QB,5200,MIN@NO 10/11/2026 01:00PM ET,MIN,7.8,
RB,Kyle Monangai (44391940),Kyle Monangai,44391940,RB/FLEX,5200,CHI@GB 10/11/2026 01:00PM ET,CHI,16.3,Q
RB,RJ Harvey (44391942),RJ Harvey,44391942,RB/FLEX,5200,DEN@LAC 10/11/2026 04:05PM ET,DEN,12.7,
WR,Denzel Boston (44392214),Denzel Boston,44392214,WR/FLEX,5200,CLE@NYJ 10/11/2026 01:00PM ET,CLE,13.9,
WR,Devaughn Vele (44392216),Devaughn Vele,44392216,WR/FLEX,5200,MIN@NO 10/11/2026 01:00PM ET,NO,12.7,
TE,George Kittle (44392592),George Kittle,44392592,TE/FLEX,5200,SF@SEA 10/11/2026 04:25PM ET,SF,16.1,
QB,Deshaun Watson (44391839),Deshaun Watson,44391839,QB,5100,CLE@NYJ 10/11/2026 01:00PM ET,CLE,17.5,
QB,Justin Herbert (44391840),Justin Herbert,44391840,QB,5100,DEN@LAC 10/11/2026 04:05PM ET,LAC,12.6,
RB,Rachaad White (44391944),Rachaad White,44391944,RB/FLEX,5100,NYG@WAS 10/11/2026 01:00PM ET,WAS,10,Q
RB,Tyler Allgeier (44391946),Tyler Allgeier,44391946,RB/FLEX,5100,DET@ARI 10/11/2026 04:25PM ET,ARI,7.7,
WR,Quentin Johnston (44392218),Quentin Johnston,44392218,WR/FLEX,5100,DEN@LAC 10/11/2026 04:05PM ET,LAC,4.5,
QB,Daniel Jones (44391841),Daniel Jones,44391841,QB,5000,IND@PIT 10/11/2026 01:00PM ET,IND,10.8,
QB,Geno Smith (44391842),Geno Smith,44391842,QB,5000,CLE@NYJ 10/11/2026 01:00PM ET,NYJ,15.9,
RB,J.K. Dobbins (44391948),J.K. Dobbins,44391948,RB/FLEX,5000,DEN@LAC 10/11/2026 04:05PM ET,DEN,5.2,
RB,TreVeyon Henderson (44391950),TreVeyon Henderson,44391950,RB/FLEX,5000,LV@NE 10/11/2026 01:00PM ET,NE,7.2,
WR,Romeo Doubs (44392220),Romeo Doubs,44392220,WR/FLEX,5000,LV@NE 10/11/2026 01:00PM ET,NE,11.1,
TE,Tyler Warren (44392594),Tyler Warren,44392594,TE/FLEX,5000,IND@PIT 10/11/2026 01:00PM ET,IND,12.1,
QB,Cam Ward (44391843),Cam Ward,44391843,QB,4900,HOU@TEN 10/11/2026 01:00PM ET,TEN,14.7,
RB,Kendre Miller (44391952),Kendre Miller,44391952,RB/FLEX,4900,MIN@NO 10/11/2026 01:00PM ET,NO,6.5,
RB,Jacory Croskey-Merritt (44391954),Jacory Croskey-Merritt,44391954,RB/FLEX,4900,NYG@WAS 10/11/2026 01:00PM ET,WAS,7.7,
WR,Luther Burden III (44392222),Luther Burden III,44392222,WR/FLEX,4900,CHI@GB 10/11/2026 01:00PM ET,CHI,12,
TE,Sam LaPorta (44392596),Sam LaPorta,44392596,TE/FLEX,4900,DET@ARI 10/11/2026 04:25PM ET,DET,14.2,
QB,Jameis Winston (44391844),Jameis Winston,44391844,QB,4800,NYG@WAS 10/11/2026 01:00PM ET,NYG,9.9,
RB,MarShawn Lloyd (44391956),MarShawn Lloyd,44391956,RB/FLEX,4800,CHI@GB 10/11/2026 01:00PM ET,GB,6.8,
RB,Woody Marks (44391958),Woody Marks,44391958,RB/FLEX,4800,HOU@TEN 10/11/2026 01:00PM ET,HOU,7.7,
RB,Jaylen Wright (44391960),Jaylen Wright,44391960,RB/FLEX,4800,CIN@MIA 10/11/2026 01:00PM ET,MIA,0.6,
WR,Tre Tucker (44392224),Tre Tucker,44392224,WR/FLEX,4800,LV@NE 10/11/2026 01:00PM ET,LV,11.8,
TE,T.J. Hockenson (44392598),T.J. Hockenson,44392598,TE/FLEX,4800,MIN@NO 10/11/2026 01:00PM ET,MIN,12.6,
QB,Tyson Bagent (44391845),Tyson Bagent,44391845,QB,4700,CHI@GB 10/11/2026 01:00PM ET,CHI,6,
RB,Rico Dowdle (44391962),Rico Dowdle,44391962,RB/FLEX,4700,IND@PIT 10/11/2026 01:00PM ET,PIT,5.3,Q
RB,Raheim Sanders (44391964),Raheim Sanders,44391964,RB/FLEX,4700,CLE@NYJ 10/11/2026 01:00PM ET,CLE,5.1,
RB,Kaelon Black (44391966),Kaelon Black,44391966,RB/FLEX,4700,SF@SEA 10/11/2026 04:25PM ET,SF,3.4,
WR,Rome Odunze (44392226),Rome Odunze,44392226,WR/FLEX,4700,CHI@GB 10/11/2026 01:00PM ET,CHI,9.3,
TE,Tucker Kraft (44392600),Tucker Kraft,44392600,TE/FLEX,4700,CHI@GB 10/11/2026 01:00PM ET,GB,9,
QB,Malik Willis (44391846),Malik Willis,44391846,QB,4600,CIN@MIA 10/11/2026 01:00PM ET,MIA,11.4,
RB,Kaleb Johnson (44391968),Kaleb Johnson,44391968,RB/FLEX,4600,CHI@GB 10/11/2026 01:00PM ET,GB,2.3,
RB,Tyjae Spears (44391970),Tyjae Spears,44391970,RB/FLEX,4600,HOU@TEN 10/11/2026 01:00PM ET,TEN,3.9,
RB,James Conner (44391972),James Conner,44391972,RB/FLEX,4600,DET@ARI 10/11/2026 04:25PM ET,ARI,0,IR
WR,Malik Washington (44392228),Malik Washington,44392228,WR/FLEX,4600,CIN@MIA 10/11/2026 01:00PM ET,MIA,9.8,
WR,Courtland Sutton (44392230),Courtland Sutton,44392230,WR/FLEX,4600,DEN@LAC 10/11/2026 04:05PM ET,DEN,4.4,
TE,Colston Loveland (44392602),Colston Loveland,44392602,TE/FLEX,4600,CHI@GB 10/11/2026 01:00PM ET,CHI,5,
QB,Marcus Mariota (44391847),Marcus Mariota,44391847,QB,4500,NYG@WAS 10/11/2026 01:00PM ET,WAS,11.5,D
QB,Athan Kaliakmanis (44391848),Athan Kaliakmanis,44391848,QB,4500,NYG@WAS 10/11/2026 01:00PM ET,WAS,12,
RB,Keaton Mitchell (44391974),Keaton Mitchell,44391974,RB/FLEX,4500,DEN@LAC 10/11/2026 04:05PM ET,LAC,7.7,
RB,George Holani (44391976),George Holani,44391976,RB/FLEX,4500,SF@SEA 10/11/2026 04:25PM ET,SEA,4.8,
RB,Najee Harris (44391978),Najee Harris,44391978,RB/FLEX,4500,NYG@WAS 10/11/2026 01:00PM ET,NYG,3.3,
WR,Adonai Mitchell (44392232),Adonai Mitchell,44392232,WR/FLEX,4500,CLE@NYJ 10/11/2026 01:00PM ET,NYJ,10.7,D
WR,Wan'Dale Robinson (44392234),Wan'Dale Robinson,44392234,WR/FLEX,4500,HOU@TEN 10/11/2026 01:00PM ET,TEN,10.1,
TE,Juwan Johnson (44392604),Juwan Johnson,44392604,TE/FLEX,4500,MIN@NO 10/11/2026 01:00PM ET,NO,16.4,
QB,Joe Flacco (44391849),Joe Flacco,44391849,QB,4400,CIN@MIA 10/11/2026 01:00PM ET,CIN,0,
RB,CJ Donaldson (44391980),CJ Donaldson,44391980,RB/FLEX,4400,MIN@NO 10/11/2026 01:00PM ET,NO,0.6,
RB,Austin Ekeler (44391982),Austin Ekeler,44391982,RB/FLEX,4400,NYG@WAS 10/11/2026 01:00PM ET,WAS,5,
RB,Samaje Perine (44391984),Samaje Perine,44391984,RB/FLEX,4400,CIN@MIA 10/11/2026 01:00PM ET,CIN,3.6,
WR,Marvin Harrison Jr. (44392236),Marvin Harrison Jr.,44392236,WR/FLEX,4400,DET@ARI 10/11/2026 04:25PM ET,ARI,4.9,
WR,Michael Pittman Jr. (44392238),Michael Pittman Jr.,44392238,WR/FLEX,4400,IND@PIT 10/11/2026 01:00PM ET,PIT,5.3,
TE,Harold Fannin Jr. (44392606),Harold Fannin Jr.,44392606,TE/FLEX,4400,CLE@NYJ 10/11/2026 01:00PM ET,CLE,12.6,
QB,J.J. McCarthy (44391850),J.J. McCarthy,44391850,QB,4300,NYG@WAS 10/11/2026 01:00PM ET,NYG,0,
RB,Sione Vaki (44391986),Sione Vaki,44391986,RB/FLEX,4300,DET@ARI 10/11/2026 04:25PM ET,DET,3.3,
RB,Seth McGowan (44391988),Seth McGowan,44391988,RB/FLEX,4300,IND@PIT 10/11/2026 01:00PM ET,IND,1.8,
RB,Kimani Vidal (44391990),Kimani Vidal,44391990,RB/FLEX,4300,DEN@LAC 10/11/2026 04:05PM ET,LAC,3.7,
WR,Keenan Allen (44392240),Keenan Allen,44392240,WR/FLEX,4300,IND@PIT 10/11/2026 01:00PM ET,IND,9.7,Q
WR,Malachi Fields (44392250),Malachi Fields,44392250,WR/FLEX,4300,NYG@WAS 10/11/2026 01:00PM ET,NYG,6.7,
TE,Isaiah Likely (44392608),Isaiah Likely,44392608,TE/FLEX,4300,NYG@WAS 10/11/2026 01:00PM ET,NYG,13.3,
QB,Case Keenum (44391851),Case Keenum,44391851,QB,4200,CHI@GB 10/11/2026 01:00PM ET,CHI,12.2,
RB,Mike Washington Jr. (44391992),Mike Washington Jr.,44391992,RB/FLEX,4200,LV@NE 10/11/2026 01:00PM ET,LV,4.7,
RB,Tyler Badie (44391994),Tyler Badie,44391994,RB/FLEX,4200,DEN@LAC 10/11/2026 04:05PM ET,DEN,5.1,
RB,Isaiah Davis (44391996),Isaiah Davis,44391996,RB/FLEX,4200,CLE@NYJ 10/11/2026 01:00PM ET,NYJ,0,
RB,Roschon Johnson (44391998),Roschon Johnson,44391998,RB/FLEX,4200,CHI@GB 10/11/2026 01:00PM ET,CHI,0.8,
WR,KC Concepcion Jr. (44392244),KC Concepcion Jr.,44392244,WR/FLEX,4200,CLE@NYJ 10/11/2026 01:00PM ET,CLE,7.8,
WR,Mack Hollins (44392246),Mack Hollins,44392246,WR/FLEX,4200,LV@NE 10/11/2026 01:00PM ET,NE,9,Q
RB,Jaleel McLaughlin (44392000),Jaleel McLaughlin,44392000,RB/FLEX,4100,CLE@NYJ 10/11/2026 01:00PM ET,CLE,3,
RB,Kaytron Allen (44392002),Kaytron Allen,44392002,RB/FLEX,4100,NYG@WAS 10/11/2026 01:00PM ET,WAS,1,
RB,Chris Brooks (44392004),Chris Brooks,44392004,RB/FLEX,4100,CHI@GB 10/11/2026 01:00PM ET,GB,3.1,Q
WR,Tre' Harris (44392242),Tre' Harris,44392242,WR/FLEX,4100,DEN@LAC 10/11/2026 04:05PM ET,LAC,8.5,
WR,Jauan Jennings (44392248),Jauan Jennings,44392248,WR/FLEX,4100,MIN@NO 10/11/2026 01:00PM ET,MIN,1,
TE,Mike Gesicki (44392610),Mike Gesicki,44392610,TE/FLEX,4100,CIN@MIA 10/11/2026 01:00PM ET,CIN,11.1,
QB,Mason Rudolph (44391852),Mason Rudolph,44391852,QB,4000,IND@PIT 10/11/2026 01:00PM ET,PIT,0.3,
QB,Fernando Mendoza (44391853),Fernando Mendoza,44391853,QB,4000,LV@NE 10/11/2026 01:00PM ET,LV,0,
QB,Drew Lock (44391854),Drew Lock,44391854,QB,4000,SF@SEA 10/11/2026 04:25PM ET,SEA,17.1,
QB,Jalen Milroe (44391855),Jalen Milroe,44391855,QB,4000,SF@SEA 10/11/2026 04:25PM ET,SEA,0,
QB,Mac Jones (44391856),Mac Jones,44391856,QB,4000,SF@SEA 10/11/2026 04:25PM ET,SF,-0.2,
QB,Kurtis Rourke (44391857),Kurtis Rourke,44391857,QB,4000,SF@SEA 10/11/2026 04:25PM ET,SF,0,
QB,Tyrod Taylor (44391858),Tyrod Taylor,44391858,QB,4000,CHI@GB 10/11/2026 01:00PM ET,GB,0,
QB,Kedon Slovis (44391859),Kedon Slovis,44391859,QB,4000,CHI@GB 10/11/2026 01:00PM ET,GB,0,
QB,Miller Moss (44391860),Miller Moss,44391860,QB,4000,CHI@GB 10/11/2026 01:00PM ET,CHI,0,
QB,Gardner Minshew II (44391861),Gardner Minshew II,44391861,QB,4000,DET@ARI 10/11/2026 04:25PM ET,ARI,0,
QB,Carson Beck (44391862),Carson Beck,44391862,QB,4000,DET@ARI 10/11/2026 04:25PM ET,ARI,0,
QB,Joshua Dobbs (44391863),Joshua Dobbs,44391863,QB,4000,DET@ARI 10/11/2026 04:25PM ET,DET,0,
QB,Luke Altmyer (44391864),Luke Altmyer,44391864,QB,4000,DET@ARI 10/11/2026 04:25PM ET,DET,0,
QB,Trey Lance (44391865),Trey Lance,44391865,QB,4000,DEN@LAC 10/11/2026 04:05PM ET,LAC,0,
QB,DJ Uiagalelei (44391866),DJ Uiagalelei,44391866,QB,4000,DEN@LAC 10/11/2026 04:05PM ET,LAC,0,
QB,Jarrett Stidham (44391867),Jarrett Stidham,44391867,QB,4000,DEN@LAC 10/11/2026 04:05PM ET,DEN,0,
QB,Sam Ehlinger (44391868),Sam Ehlinger,44391868,QB,4000,DEN@LAC 10/11/2026 04:05PM ET,DEN,0,
QB,Sam Hartman (44391869),Sam Hartman,44391869,QB,4000,NYG@WAS 10/11/2026 01:00PM ET,WAS,0,
QB,Jake Haener (44391870),Jake Haener,44391870,QB,4000,NYG@WAS 10/11/2026 01:00PM ET,NYG,0,
QB,Jaxson Dart (44391871),Jaxson Dart,44391871,QB,4000,NYG@WAS 10/11/2026 01:00PM ET,NYG,13.7,IR
QB,Mitchell Trubisky (44391872),Mitchell Trubisky,44391872,QB,4000,HOU@TEN 10/11/2026 01:00PM ET,TEN,0,
QB,Hendon Hooker (44391873),Hendon Hooker,44391873,QB,4000,HOU@TEN 10/11/2026 01:00PM ET,TEN,0,
QB,Davis Mills (44391874),Davis Mills,44391874,QB,4000,HOU@TEN 10/11/2026 01:00PM ET,HOU,0,
QB,Graham Mertz (44391875),Graham Mertz,44391875,QB,4000,HOU@TEN 10/11/2026 01:00PM ET,HOU,0,IR
QB,Will Howard (44391876),Will Howard,44391876,QB,4000,IND@PIT 10/11/2026 01:00PM ET,PIT,0,
QB,Drew Allar (44391877),Drew Allar,44391877,QB,4000,IND@PIT 10/11/2026 01:00PM ET,PIT,0,
QB,Anthony Richardson Sr. (44391878),Anthony Richardson Sr.,44391878,QB,4000,IND@PIT 10/11/2026 01:00PM ET,IND,0,
QB,Riley Leonard (44391879),Riley Leonard,44391879,QB,4000,IND@PIT 10/11/2026 01:00PM ET,IND,0,
QB,Cade Klubnik (44391880),Cade Klubnik,44391880,QB,4000,CLE@NYJ 10/11/2026 01:00PM ET,NYJ,0,
QB,Will Levis (44391881),Will Levis,44391881,QB,4000,CLE@NYJ 10/11/2026 01:00PM ET,NYJ,0,
QB,Shedeur Sanders (44391882),Shedeur Sanders,44391882,QB,4000,CLE@NYJ 10/11/2026 01:00PM ET,CLE,0,
QB,Taylen Green (44391883),Taylen Green,44391883,QB,4000,CLE@NYJ 10/11/2026 01:00PM ET,CLE,0,
QB,Dillon Gabriel (44391884),Dillon Gabriel,44391884,QB,4000,CLE@NYJ 10/11/2026 01:00PM ET,CLE,0,IR
QB,Spencer Rattler (44391885),Spencer Rattler,44391885,QB,4000,MIN@NO 10/11/2026 01:00PM ET,NO,0,
QB,Zach Wilson (44391886),Zach Wilson,44391886,QB,4000,MIN@NO 10/11/2026 01:00PM ET,NO,0,OUT
QB,Carson Wentz (44391887),Carson Wentz,44391887,QB,4000,MIN@NO 10/11/2026 01:00PM ET,MIN,12.8,
QB,Max Brosmer (44391888),Max Brosmer,44391888,QB,4000,MIN@NO 10/11/2026 01:00PM ET,MIN,0,
QB,Tommy DeVito (44391889),Tommy DeVito,44391889,QB,4000,LV@NE 10/11/2026 01:00PM ET,NE,1.4,
QB,Behren Morton (44391890),Behren Morton,44391890,QB,4000,LV@NE 10/11/2026 01:00PM ET,NE,0,
QB,Aidan O'Connell (44391891),Aidan O'Connell,44391891,QB,4000,LV@NE 10/11/2026 01:00PM ET,LV,0,
QB,Kyle McCord (44391892),Kyle McCord,44391892,QB,4000,CIN@MIA 10/11/2026 01:00PM ET,MIA,0,
QB,Brady Cook (44391893),Brady Cook,44391893,QB,4000,CIN@MIA 10/11/2026 01:00PM ET,MIA,0,
QB,Sean Clifford (44391894),Sean Clifford,44391894,QB,4000,CIN@MIA 10/11/2026 01:00PM ET,CIN,0,
QB,Josh Johnson (44391895),Josh Johnson,44391895,QB,4000,CIN@MIA 10/11/2026 01:00PM ET,CIN,0,
RB,Eli Heidenreich (44392006),Eli Heidenreich,44392006,RB/FLEX,4000,IND@PIT 10/11/2026 01:00PM ET,PIT,0,
RB,Jadarian Price (44392008),Jadarian Price,44392008,RB/FLEX,4000,SF@SEA 10/11/2026 04:25PM ET,SEA,5.3,IR
RB,Travis Etienne Jr. (44392010),Travis Etienne Jr.,44392010,RB/FLEX,4000,MIN@NO 10/11/2026 01:00PM ET,NO,10.3,IR
RB,De'Von Achane (44392012),De'Von Achane,44392012,RB/FLEX,4000,CIN@MIA 10/11/2026 01:00PM ET,MIA,8.2,IR
RB,Velus Jones Jr. (44392014),Velus Jones Jr.,44392014,RB/FLEX,4000,SF@SEA 10/11/2026 04:25PM ET,SEA,0,
RB,Brady Russell (44392016),Brady Russell,44392016,RB/FLEX,4000,SF@SEA 10/11/2026 04:25PM ET,SEA,1.8,
RB,Jacardia Wright (44392018),Jacardia Wright,44392018,RB/FLEX,4000,SF@SEA 10/11/2026 04:25PM ET,SEA,0,
RB,Robbie Ouzts (44392020),Robbie Ouzts,44392020,RB/FLEX,4000,SF@SEA 10/11/2026 04:25PM ET,SEA,0,IR
RB,Jordan James (44392022),Jordan James,44392022,RB/FLEX,4000,SF@SEA 10/11/2026 04:25PM ET,SF,0.8,
RB,Isaac Guerendo (44392024),Isaac Guerendo,44392024,RB/FLEX,4000,SF@SEA 10/11/2026 04:25PM ET,SF,0,OUT
RB,Sincere McCormick (44392026),Sincere McCormick,44392026,RB/FLEX,4000,SF@SEA 10/11/2026 04:25PM ET,SF,0,
RB,Kyle Juszczyk (44392028),Kyle Juszczyk,44392028,RB/FLEX,4000,SF@SEA 10/11/2026 04:25PM ET,SF,3.9,D
RB,Pierre Strong Jr. (44392030),Pierre Strong Jr.,44392030,RB/FLEX,4000,CHI@GB 10/11/2026 01:00PM ET,GB,0,Q
RB,Brittain Brown (44392032),Brittain Brown,44392032,RB/FLEX,4000,CHI@GB 10/11/2026 01:00PM ET,CHI,0,IR
RB,Zavier Scott (44392034),Zavier Scott,44392034,RB/FLEX,4000,CHI@GB 10/11/2026 01:00PM ET,CHI,0,
RB,Salvon Ahmed (44392036),Salvon Ahmed,44392036,RB/FLEX,4000,CHI@GB 10/11/2026 01:00PM ET,CHI,0,
RB,Bam Knight (44392038),Bam Knight,44392038,RB/FLEX,4000,DET@ARI 10/11/2026 04:25PM ET,ARI,0.6,
RB,Trey Benson (44392040),Trey Benson,44392040,RB/FLEX,4000,DET@ARI 10/11/2026 04:25PM ET,ARI,0,IR
RB,Evan Hull (44392042),Evan Hull,44392042,RB/FLEX,4000,DET@ARI 10/11/2026 04:25PM ET,ARI,0,
RB,Jacob Saylors (44392044),Jacob Saylors,44392044,RB/FLEX,4000,DET@ARI 10/11/2026 04:25PM ET,DET,0,
RB,Isiah Pacheco (44392046),Isiah Pacheco,44392046,RB/FLEX,4000,DET@ARI 10/11/2026 04:25PM ET,DET,0,IR
RB,Jabari Small (44392048),Jabari Small,44392048,RB/FLEX,4000,DET@ARI 10/11/2026 04:25PM ET,DET,0,
RB,Gregory Desrosiers (44392050),Gregory Desrosiers,44392050,RB/FLEX,4000,DEN@LAC 10/11/2026 04:05PM ET,LAC,0,
RB,Alec Ingold (44392052),Alec Ingold,44392052,RB/FLEX,4000,DEN@LAC 10/11/2026 04:05PM ET,LAC,1.6,
RB,Amar Johnson (44392054),Amar Johnson,44392054,RB/FLEX,4000,DEN@LAC 10/11/2026 04:05PM ET,LAC,0,
RB,Scott Matlock (44392056),Scott Matlock,44392056,RB/FLEX,4000,DEN@LAC 10/11/2026 04:05PM ET,LAC,0,IR
RB,Jonah Coleman (44392058),Jonah Coleman,44392058,RB/FLEX,4000,DEN@LAC 10/11/2026 04:05PM ET,DEN,7.4,IR
RB,Cody Schrader (44392060),Cody Schrader,44392060,RB/FLEX,4000,DEN@LAC 10/11/2026 04:05PM ET,DEN,0,
RB,Adam Prentice (44392062),Adam Prentice,44392062,RB/FLEX,4000,DEN@LAC 10/11/2026 04:05PM ET,DEN,0.3,
RB,Craig Reynolds (44392064),Craig Reynolds,44392064,RB/FLEX,4000,NYG@WAS 10/11/2026 01:00PM ET,WAS,0.4,
RB,Jeremy McNichols (44392066),Jeremy McNichols,44392066,RB/FLEX,4000,NYG@WAS 10/11/2026 01:00PM ET,WAS,0,IR
RB,Robert Henry Jr. (44392068),Robert Henry Jr.,44392068,RB/FLEX,4000,NYG@WAS 10/11/2026 01:00PM ET,WAS,0,
RB,Devin Singletary (44392070),Devin Singletary,44392070,RB/FLEX,4000,NYG@WAS 10/11/2026 01:00PM ET,NYG,7.4,
RB,Patrick Ricard (44392072),Patrick Ricard,44392072,RB/FLEX,4000,NYG@WAS 10/11/2026 01:00PM ET,NYG,0.3,
RB,Phil Mafah (44392074),Phil Mafah,44392074,RB/FLEX,4000,NYG@WAS 10/11/2026 01:00PM ET,NYG,0,
RB,Grant Finley (44392076),Grant Finley,44392076,RB/FLEX,4000,NYG@WAS 10/11/2026 01:00PM ET,NYG,0,
RB,Nick Singleton (44392078),Nick Singleton,44392078,RB/FLEX,4000,HOU@TEN 10/11/2026 01:00PM ET,TEN,0.4,
RB,Julius Chestnut (44392080),Julius Chestnut,44392080,RB/FLEX,4000,HOU@TEN 10/11/2026 01:00PM ET,TEN,0,
RB,Michael Carter (44392082),Michael Carter,44392082,RB/FLEX,4000,HOU@TEN 10/11/2026 01:00PM ET,TEN,0,
RB,Kalel Mullings (44392084),Kalel Mullings,44392084,RB/FLEX,4000,HOU@TEN 10/11/2026 01:00PM ET,TEN,0,
RB,Dare Ogunbowale (44392086),Dare Ogunbowale,44392086,RB/FLEX,4000,HOU@TEN 10/11/2026 01:00PM ET,HOU,0,
RB,British Brooks (44392088),British Brooks,44392088,RB/FLEX,4000,HOU@TEN 10/11/2026 01:00PM ET,HOU,0,IR
RB,Jawhar Jordan (44392090),Jawhar Jordan,44392090,RB/FLEX,4000,HOU@TEN 10/11/2026 01:00PM ET,HOU,0,
RB,Travis Homer (44392092),Travis Homer,44392092,RB/FLEX,4000,IND@PIT 10/11/2026 01:00PM ET,PIT,0.5,
RB,Riley Nowakowski (44392094),Riley Nowakowski,44392094,RB/FLEX,4000,IND@PIT 10/11/2026 01:00PM ET,PIT,0,
RB,Lew Nichols (44392096),Lew Nichols,44392096,RB/FLEX,4000,IND@PIT 10/11/2026 01:00PM ET,PIT,0,
RB,DJ Giddens (44392098),DJ Giddens,44392098,RB/FLEX,4000,IND@PIT 10/11/2026 01:00PM ET,IND,0,
RB,Davon Booth (44392100),Davon Booth,44392100,RB/FLEX,4000,IND@PIT 10/11/2026 01:00PM ET,IND,0,
RB,Kene Nwangwu (44392102),Kene Nwangwu,44392102,RB/FLEX,4000,CLE@NYJ 10/11/2026 01:00PM ET,NYJ,0,
RB,Chip Trayanum (44392104),Chip Trayanum,44392104,RB/FLEX,4000,CLE@NYJ 10/11/2026 01:00PM ET,NYJ,0,IR
RB,Andrew Beck (44392106),Andrew Beck,44392106,RB/FLEX,4000,CLE@NYJ 10/11/2026 01:00PM ET,NYJ,0,
RB,Al-Jay Henderson (44392108),Al-Jay Henderson,44392108,RB/FLEX,4000,CLE@NYJ 10/11/2026 01:00PM ET,NYJ,0,
RB,Dylan Sampson (44392110),Dylan Sampson,44392110,RB/FLEX,4000,CLE@NYJ 10/11/2026 01:00PM ET,CLE,0,IR
RB,Michael Burton (44392112),Michael Burton,44392112,RB/FLEX,4000,CLE@NYJ 10/11/2026 01:00PM ET,CLE,0,
RB,Eric Gray (44392114),Eric Gray,44392114,RB/FLEX,4000,CLE@NYJ 10/11/2026 01:00PM ET,CLE,0,
RB,Ty Chandler (44392116),Ty Chandler,44392116,RB/FLEX,4000,MIN@NO 10/11/2026 01:00PM ET,NO,0,IR
RB,Zamir White (44392118),Zamir White,44392118,RB/FLEX,4000,MIN@NO 10/11/2026 01:00PM ET,NO,0,
RB,Ulysses Bentley IV (44392120),Ulysses Bentley IV,44392120,RB/FLEX,4000,MIN@NO 10/11/2026 01:00PM ET,NO,0,
RB,Demond Claiborne (44392122),Demond Claiborne,44392122,RB/FLEX,4000,MIN@NO 10/11/2026 01:00PM ET,MIN,0.8,
RB,Jordan Mason (44392124),Jordan Mason,44392124,RB/FLEX,4000,MIN@NO 10/11/2026 01:00PM ET,MIN,11.9,IR
RB,Devin Neal (44392126),Devin Neal,44392126,RB/FLEX,4000,MIN@NO 10/11/2026 01:00PM ET,MIN,0,
RB,Audric Estime (44392128),Audric Estime,44392128,RB/FLEX,4000,MIN@NO 10/11/2026 01:00PM ET,MIN,0,
RB,Max Bredeson (44392130),Max Bredeson,44392130,RB/FLEX,4000,MIN@NO 10/11/2026 01:00PM ET,MIN,0,
RB,Corey Kiner (44392132),Corey Kiner,44392132,RB/FLEX,4000,LV@NE 10/11/2026 01:00PM ET,NE,1.2,
RB,Myles Montgomery (44392134),Myles Montgomery,44392134,RB/FLEX,4000,LV@NE 10/11/2026 01:00PM ET,NE,0,IR
RB,Reggie Gilliam (44392136),Reggie Gilliam,44392136,RB/FLEX,4000,LV@NE 10/11/2026 01:00PM ET,NE,0.4,
RB,Lan Larison (44392138),Lan Larison,44392138,RB/FLEX,4000,LV@NE 10/11/2026 01:00PM ET,NE,2.9,
RB,Dylan Laube (44392140),Dylan Laube,44392140,RB/FLEX,4000,LV@NE 10/11/2026 01:00PM ET,LV,-0.3,
RB,Chris Collier (44392142),Chris Collier,44392142,RB/FLEX,4000,LV@NE 10/11/2026 01:00PM ET,LV,0,IR
RB,Connor Heyward (44392144),Connor Heyward,44392144,RB/FLEX,4000,LV@NE 10/11/2026 01:00PM ET,LV,0.4,
RB,Roman Hemby (44392146),Roman Hemby,44392146,RB/FLEX,4000,LV@NE 10/11/2026 01:00PM ET,LV,0,
RB,Owen Wright (44392148),Owen Wright,44392148,RB/FLEX,4000,LV@NE 10/11/2026 01:00PM ET,LV,0,
RB,Carlos Washington Jr. (44392150),Carlos Washington Jr.,44392150,RB/FLEX,4000,CIN@MIA 10/11/2026 01:00PM ET,MIA,0,
RB,Jarquez Hunter (44392152),Jarquez Hunter,44392152,RB/FLEX,4000,CIN@MIA 10/11/2026 01:00PM ET,MIA,0,
RB,DJ Herman (44392154),DJ Herman,44392154,RB/FLEX,4000,CIN@MIA 10/11/2026 01:00PM ET,MIA,0.7,
RB,Tahj Brooks (44392156),Tahj Brooks,44392156,RB/FLEX,4000,CIN@MIA 10/11/2026 01:00PM ET,CIN,0,
RB,Kentrel Bullock (44392158),Kentrel Bullock,44392158,RB/FLEX,4000,CIN@MIA 10/11/2026 01:00PM ET,CIN,0,
RB,Kendall Milton (44392160),Kendall Milton,44392160,RB/FLEX,4000,CIN@MIA 10/11/2026 01:00PM ET,CIN,0,
RB,Tyrone Tracy Jr. (44392162),Tyrone Tracy Jr.,44392162,RB/FLEX,4000,NYG@WAS 10/11/2026 01:00PM ET,NYG,0.2,
RB,DeeJay Dallas (44392164),DeeJay Dallas,44392164,RB/FLEX,4000,MIN@NO 10/11/2026 01:00PM ET,MIN,1.6,
WR,Pat Bryant (44392252),Pat Bryant,44392252,WR/FLEX,4000,DEN@LAC 10/11/2026 04:05PM ET,DEN,8,D
WR,Xavier Hutchinson (44392254),Xavier Hutchinson,44392254,WR/FLEX,4000,HOU@TEN 10/11/2026 01:00PM ET,HOU,7.3,
WR,Rashid Shaheed (44392256),Rashid Shaheed,44392256,WR/FLEX,4000,SF@SEA 10/11/2026 04:25PM ET,SEA,6,
TE,Dalton Schultz (44392612),Dalton Schultz,44392612,TE/FLEX,4000,HOU@TEN 10/11/2026 01:00PM ET,HOU,11.4,
WR,Kayshon Boutte (44392258),Kayshon Boutte,44392258,WR/FLEX,3900,HOU@TEN 10/11/2026 01:00PM ET,HOU,5.1,
WR,Caleb Douglas (44392260),Caleb Douglas,44392260,WR/FLEX,3900,CIN@MIA 10/11/2026 01:00PM ET,MIA,9.2,Q
WR,Kalif Raymond (44392262),Kalif Raymond,44392262,WR/FLEX,3900,CHI@GB 10/11/2026 01:00PM ET,CHI,12.3,
TE,Pat Freiermuth (44392614),Pat Freiermuth,44392614,TE/FLEX,3900,IND@PIT 10/11/2026 01:00PM ET,PIT,9.7,
WR,Cooper Kupp (44392264),Cooper Kupp,44392264,WR/FLEX,3800,SF@SEA 10/11/2026 04:25PM ET,SEA,6.6,
WR,Darnell Mooney (44392266),Darnell Mooney,44392266,WR/FLEX,3800,NYG@WAS 10/11/2026 01:00PM ET,NYG,4.1,
WR,Antonio Williams (44392268),Antonio Williams,44392268,WR/FLEX,3800,NYG@WAS 10/11/2026 01:00PM ET,WAS,7.6,
TE,Kenyon Sadiq (44392616),Kenyon Sadiq,44392616,TE/FLEX,3800,CLE@NYJ 10/11/2026 01:00PM ET,NYJ,10.4,
WR,Roman Wilson (44392270),Roman Wilson,44392270,WR/FLEX,3700,IND@PIT 10/11/2026 01:00PM ET,PIT,11.2,
WR,Isaiah Williams (44392272),Isaiah Williams,44392272,WR/FLEX,3700,CLE@NYJ 10/11/2026 01:00PM ET,NYJ,7.7,
WR,Jerry Jeudy (44392274),Jerry Jeudy,44392274,WR/FLEX,3700,CLE@NYJ 10/11/2026 01:00PM ET,CLE,2.8,
TE,Hunter Henry (44392618),Hunter Henry,44392618,TE/FLEX,3700,LV@NE 10/11/2026 01:00PM ET,NE,6.3,
WR,Chris Bell (44392276),Chris Bell,44392276,WR/FLEX,3600,CIN@MIA 10/11/2026 01:00PM ET,MIA,3.6,
WR,Laquon Treadwell (44392278),Laquon Treadwell,44392278,WR/FLEX,3600,IND@PIT 10/11/2026 01:00PM ET,IND,5.3,
WR,Jalen Nailor (44392280),Jalen Nailor,44392280,WR/FLEX,3600,LV@NE 10/11/2026 01:00PM ET,LV,2.6,Q
WR,Colbie Young (44392282),Colbie Young,44392282,WR/FLEX,3600,CIN@MIA 10/11/2026 01:00PM ET,CIN,1,Q
TE,Oronde Gadsden II (44392620),Oronde Gadsden II,44392620,TE/FLEX,3600,DEN@LAC 10/11/2026 04:05PM ET,LAC,6,
WR,Brandin Cooks (44392284),Brandin Cooks,44392284,WR/FLEX,3500,SF@SEA 10/11/2026 04:25PM ET,SF,0,
WR,Calvin Ridley (44392286),Calvin Ridley,44392286,WR/FLEX,3500,HOU@TEN 10/11/2026 01:00PM ET,TEN,2,
WR,Dohnte Meyers (44392288),Dohnte Meyers,44392288,WR/FLEX,3500,CIN@MIA 10/11/2026 01:00PM ET,CIN,6.2,
WR,DeMario Douglas (44392290),DeMario Douglas,44392290,WR/FLEX,3500,LV@NE 10/11/2026 01:00PM ET,NE,4.3,
TE,Michael Mayer (44392622),Michael Mayer,44392622,TE/FLEX,3500,LV@NE 10/11/2026 01:00PM ET,LV,10.7,
DST,Bengals (44392852),Bengals,44392852,DST,3500,CIN@MIA 10/11/2026 01:00PM ET,CIN,9,
WR,Tank Dell (44392292),Tank Dell,44392292,WR/FLEX,3400,HOU@TEN 10/11/2026 01:00PM ET,HOU,0,IR
WR,Isaac TeSlaa (44392294),Isaac TeSlaa,44392294,WR/FLEX,3400,DET@ARI 10/11/2026 04:25PM ET,DET,6.9,
WR,Marvin Mims Jr. (44392296),Marvin Mims Jr.,44392296,WR/FLEX,3400,DEN@LAC 10/11/2026 04:05PM ET,DEN,0.5,
WR,Germie Bernard (44392298),Germie Bernard,44392298,WR/FLEX,3400,IND@PIT 10/11/2026 01:00PM ET,PIT,3.3,
WR,Kendrick Bourne (44392300),Kendrick Bourne,44392300,WR/FLEX,3400,DET@ARI 10/11/2026 04:25PM ET,ARI,5.7,
DST,Texans (44392853),Texans,44392853,DST,3400,HOU@TEN 10/11/2026 01:00PM ET,HOU,4.8,
WR,Cody White (44392302),Cody White,44392302,WR/FLEX,3300,LV@NE 10/11/2026 01:00PM ET,LV,7.9,
WR,Darius Slayton (44392304),Darius Slayton,44392304,WR/FLEX,3300,IND@PIT 10/11/2026 01:00PM ET,IND,0,
WR,Christian Kirk (44392306),Christian Kirk,44392306,WR/FLEX,3300,SF@SEA 10/11/2026 04:25PM ET,SF,0,IR
WR,Marquez Valdes-Scantling (44392308),Marquez Valdes-Scantling,44392308,WR/FLEX,3300,DEN@LAC 10/11/2026 04:05PM ET,LAC,0,
WR,Mitch Tinsley (44392310),Mitch Tinsley,44392310,WR/FLEX,3300,CIN@MIA 10/11/2026 01:00PM ET,CIN,7.9,
TE,Chig Okonkwo (44392624),Chig Okonkwo,44392624,TE/FLEX,3300,NYG@WAS 10/11/2026 01:00PM ET,WAS,3.1,
DST,Steelers (44392854),Steelers,44392854,DST,3300,IND@PIT 10/11/2026 01:00PM ET,PIT,9.3,
WR,Efton Chism III (44392312),Efton Chism III,44392312,WR/FLEX,3200,LV@NE 10/11/2026 01:00PM ET,NE,4.9,
WR,Jaylin Noel (44392314),Jaylin Noel,44392314,WR/FLEX,3200,HOU@TEN 10/11/2026 01:00PM ET,HOU,7.3,
WR,Troy Franklin (44392316),Troy Franklin,44392316,WR/FLEX,3200,DEN@LAC 10/11/2026 04:05PM ET,DEN,1.8,
WR,Treylon Burks (44392318),Treylon Burks,44392318,WR/FLEX,3200,NYG@WAS 10/11/2026 01:00PM ET,WAS,7,
WR,Skyy Moore (44392320),Skyy Moore,44392320,WR/FLEX,3200,CHI@GB 10/11/2026 01:00PM ET,GB,2.4,
TE,AJ Barner (44392626),AJ Barner,44392626,TE/FLEX,3200,SF@SEA 10/11/2026 04:25PM ET,SEA,6.3,
DST,Broncos (44392855),Broncos,44392855,DST,3200,DEN@LAC 10/11/2026 04:05PM ET,DEN,6.8,
WR,Deion Burks (44392322),Deion Burks,44392322,WR/FLEX,3100,IND@PIT 10/11/2026 01:00PM ET,IND,0.8,
WR,Derius Davis (44392324),Derius Davis,44392324,WR/FLEX,3100,DEN@LAC 10/11/2026 04:05PM ET,LAC,0.2,
WR,Dont'e Thornton Jr. (44392326),Dont'e Thornton Jr.,44392326,WR/FLEX,3100,LV@NE 10/11/2026 01:00PM ET,LV,0,IR
WR,Kyle Williams (44392328),Kyle Williams,44392328,WR/FLEX,3100,LV@NE 10/11/2026 01:00PM ET,NE,1.6,
WR,Dyami Brown (44392330),Dyami Brown,44392330,WR/FLEX,3100,NYG@WAS 10/11/2026 01:00PM ET,WAS,3.7,
TE,Greg Dulcich (44392628),Greg Dulcich,44392628,TE/FLEX,3100,CIN@MIA 10/11/2026 01:00PM ET,MIA,4.5,
DST,Vikings (44392856),Vikings,44392856,DST,3100,MIN@NO 10/11/2026 01:00PM ET,MIN,12.5,
WR,Jack Bech (44392332),Jack Bech,44392332,WR/FLEX,3000,LV@NE 10/11/2026 01:00PM ET,LV,5.3,IR
WR,Jayden Reed (44392334),Jayden Reed,44392334,WR/FLEX,3000,CHI@GB 10/11/2026 01:00PM ET,GB,3.2,IR
WR,Jordan Watkins (44392336),Jordan Watkins,44392336,WR/FLEX,3000,SF@SEA 10/11/2026 04:25PM ET,SF,4,
WR,Jahdae Walker (44392338),Jahdae Walker,44392338,WR/FLEX,3000,CHI@GB 10/11/2026 01:00PM ET,CHI,1.8,
WR,Tory Horton (44392340),Tory Horton,44392340,WR/FLEX,3000,SF@SEA 10/11/2026 04:25PM ET,SEA,5.1,
WR,Montorie Foster Jr. (44392342),Montorie Foster Jr.,44392342,WR/FLEX,3000,SF@SEA 10/11/2026 04:25PM ET,SEA,0,
WR,Irvin Charles (44392344),Irvin Charles,44392344,WR/FLEX,3000,SF@SEA 10/11/2026 04:25PM ET,SEA,0,IR
WR,Jake Bobo (44392346),Jake Bobo,44392346,WR/FLEX,3000,SF@SEA 10/11/2026 04:25PM ET,SEA,0,IR
WR,Emmanuel Henderson Jr. (44392348),Emmanuel Henderson Jr.,44392348,WR/FLEX,3000,SF@SEA 10/11/2026 04:25PM ET,SEA,0,
WR,Ricky White III (44392350),Ricky White III,44392350,WR/FLEX,3000,SF@SEA 10/11/2026 04:25PM ET,SEA,0,
WR,Malick Meiga (44392352),Malick Meiga,44392352,WR/FLEX,3000,SF@SEA 10/11/2026 04:25PM ET,SEA,0,
WR,Malik Turner (44392354),Malik Turner,44392354,WR/FLEX,3000,SF@SEA 10/11/2026 04:25PM ET,SF,0,
WR,Demarcus Robinson (44392356),Demarcus Robinson,44392356,WR/FLEX,3000,SF@SEA 10/11/2026 04:25PM ET,SF,9.7,IR
WR,De'Zhaun Stribling (44392358),De'Zhaun Stribling,44392358,WR/FLEX,3000,SF@SEA 10/11/2026 04:25PM ET,SF,0,IR
WR,Ricky Pearsall (44392360),Ricky Pearsall,44392360,WR/FLEX,3000,SF@SEA 10/11/2026 04:25PM ET,SF,0,IR
WR,Wesley Grimes (44392362),Wesley Grimes,44392362,WR/FLEX,3000,SF@SEA 10/11/2026 04:25PM ET,SF,0,
WR,Dante Pettis (44392364),Dante Pettis,44392364,WR/FLEX,3000,SF@SEA 10/11/2026 04:25PM ET,SF,0,
WR,Will Pauling (44392366),Will Pauling,44392366,WR/FLEX,3000,SF@SEA 10/11/2026 04:25PM ET,SF,0,
WR,Brandon Aiyuk (44392368),Brandon Aiyuk,44392368,WR/FLEX,3000,SF@SEA 10/11/2026 04:25PM ET,SF,0,OUT
WR,Bo Melton (44392370),Bo Melton,44392370,WR/FLEX,3000,CHI@GB 10/11/2026 01:00PM ET,GB,0.5,
WR,J. Michael Sturdivant (44392372),J. Michael Sturdivant,44392372,WR/FLEX,3000,CHI@GB 10/11/2026 01:00PM ET,GB,1.7,
WR,Savion Williams (44392374),Savion Williams,44392374,WR/FLEX,3000,CHI@GB 10/11/2026 01:00PM ET,GB,0,IR
WR,Isaiah Neyor (44392376),Isaiah Neyor,44392376,WR/FLEX,3000,CHI@GB 10/11/2026 01:00PM ET,GB,0,
WR,Coleman Owen (44392378),Coleman Owen,44392378,WR/FLEX,3000,CHI@GB 10/11/2026 01:00PM ET,GB,0,
WR,Quincy Skinner Jr. (44392380),Quincy Skinner Jr.,44392380,WR/FLEX,3000,CHI@GB 10/11/2026 01:00PM ET,GB,0,
WR,Zavion Thomas (44392382),Zavion Thomas,44392382,WR/FLEX,3000,CHI@GB 10/11/2026 01:00PM ET,CHI,0.3,
WR,Kaden Davis (44392384),Kaden Davis,44392384,WR/FLEX,3000,CHI@GB 10/11/2026 01:00PM ET,CHI,0,
WR,JP Richardson (44392386),JP Richardson,44392386,WR/FLEX,3000,CHI@GB 10/11/2026 01:00PM ET,CHI,0,
WR,Jalen Brooks (44392388),Jalen Brooks,44392388,WR/FLEX,3000,DET@ARI 10/11/2026 04:25PM ET,ARI,0,
WR,Simi Fehoko (44392390),Simi Fehoko,44392390,WR/FLEX,3000,DET@ARI 10/11/2026 04:25PM ET,ARI,0,
WR,Devin Duvernay (44392392),Devin Duvernay,44392392,WR/FLEX,3000,DET@ARI 10/11/2026 04:25PM ET,ARI,0,
WR,Reggie Virgil (44392394),Reggie Virgil,44392394,WR/FLEX,3000,DET@ARI 10/11/2026 04:25PM ET,ARI,0,
WR,Harrison Wallace III (44392396),Harrison Wallace III,44392396,WR/FLEX,3000,DET@ARI 10/11/2026 04:25PM ET,ARI,0,
WR,Tom Kennedy (44392398),Tom Kennedy,44392398,WR/FLEX,3000,DET@ARI 10/11/2026 04:25PM ET,DET,0,
WR,Tay Martin (44392400),Tay Martin,44392400,WR/FLEX,3000,DET@ARI 10/11/2026 04:25PM ET,DET,0,
WR,Kendrick Law (44392402),Kendrick Law,44392402,WR/FLEX,3000,DET@ARI 10/11/2026 04:25PM ET,DET,0,IR
WR,Lucky Jackson (44392404),Lucky Jackson,44392404,WR/FLEX,3000,DET@ARI 10/11/2026 04:25PM ET,DET,0,
WR,Lawrence Keys III (44392406),Lawrence Keys III,44392406,WR/FLEX,3000,DET@ARI 10/11/2026 04:25PM ET,DET,0,
WR,Dominic Lovett (44392408),Dominic Lovett,44392408,WR/FLEX,3000,DET@ARI 10/11/2026 04:25PM ET,DET,0,
WR,Brenen Thompson (44392410),Brenen Thompson,44392410,WR/FLEX,3000,DEN@LAC 10/11/2026 04:05PM ET,LAC,1.2,Q
WR,KeAndre Lambert-Smith (44392412),KeAndre Lambert-Smith,44392412,WR/FLEX,3000,DEN@LAC 10/11/2026 04:05PM ET,LAC,0,IR
WR,Gary Jennings (44392414),Gary Jennings,44392414,WR/FLEX,3000,DEN@LAC 10/11/2026 04:05PM ET,LAC,0,
WR,Theo Wease Jr. (44392416),Theo Wease Jr.,44392416,WR/FLEX,3000,DEN@LAC 10/11/2026 04:05PM ET,LAC,0,
WR,Kolbe Katsis (44392418),Kolbe Katsis,44392418,WR/FLEX,3000,DEN@LAC 10/11/2026 04:05PM ET,DEN,0,
WR,Lil'Jordan Humphrey (44392420),Lil'Jordan Humphrey,44392420,WR/FLEX,3000,DEN@LAC 10/11/2026 04:05PM ET,DEN,0,
WR,Michael Bandy (44392422),Michael Bandy,44392422,WR/FLEX,3000,DEN@LAC 10/11/2026 04:05PM ET,DEN,0,
WR,Dane Key (44392424),Dane Key,44392424,WR/FLEX,3000,DEN@LAC 10/11/2026 04:05PM ET,DEN,0,
WR,Jaylin Lane (44392426),Jaylin Lane,44392426,WR/FLEX,3000,NYG@WAS 10/11/2026 01:00PM ET,WAS,1.1,OUT
WR,Luke McCaffrey (44392428),Luke McCaffrey,44392428,WR/FLEX,3000,NYG@WAS 10/11/2026 01:00PM ET,WAS,0,
WR,Jaden Bradley (44392430),Jaden Bradley,44392430,WR/FLEX,3000,NYG@WAS 10/11/2026 01:00PM ET,WAS,0,
WR,River Cracraft (44392432),River Cracraft,44392432,WR/FLEX,3000,NYG@WAS 10/11/2026 01:00PM ET,WAS,0,Q
WR,Van Jefferson (44392434),Van Jefferson,44392434,WR/FLEX,3000,NYG@WAS 10/11/2026 01:00PM ET,WAS,0,
WR,Braxton Berrios (44392436),Braxton Berrios,44392436,WR/FLEX,3000,NYG@WAS 10/11/2026 01:00PM ET,NYG,0,D
WR,Charlie Jones (44392438),Charlie Jones,44392438,WR/FLEX,3000,NYG@WAS 10/11/2026 01:00PM ET,NYG,0,
WR,Calvin Austin III (44392440),Calvin Austin III,44392440,WR/FLEX,3000,NYG@WAS 10/11/2026 01:00PM ET,NYG,0,IR
WR,Gunner Olszewski (44392442),Gunner Olszewski,44392442,WR/FLEX,3000,NYG@WAS 10/11/2026 01:00PM ET,NYG,0,IR
WR,Jalin Hyatt (44392444),Jalin Hyatt,44392444,WR/FLEX,3000,NYG@WAS 10/11/2026 01:00PM ET,NYG,0,
WR,Dalen Cambre (44392446),Dalen Cambre,44392446,WR/FLEX,3000,NYG@WAS 10/11/2026 01:00PM ET,NYG,0,
WR,Elic Ayomanor (44392448),Elic Ayomanor,44392448,WR/FLEX,3000,HOU@TEN 10/11/2026 01:00PM ET,TEN,5.6,
WR,Chimere Dike (44392450),Chimere Dike,44392450,WR/FLEX,3000,HOU@TEN 10/11/2026 01:00PM ET,TEN,0.9,
WR,Xavier Restrepo (44392452),Xavier Restrepo,44392452,WR/FLEX,3000,HOU@TEN 10/11/2026 01:00PM ET,TEN,0,
WR,K.J. Osborn (44392454),K.J. Osborn,44392454,WR/FLEX,3000,HOU@TEN 10/11/2026 01:00PM ET,TEN,0,
WR,Tyren Montgomery (44392456),Tyren Montgomery,44392456,WR/FLEX,3000,HOU@TEN 10/11/2026 01:00PM ET,TEN,0,
WR,Jared Wayne (44392458),Jared Wayne,44392458,WR/FLEX,3000,HOU@TEN 10/11/2026 01:00PM ET,HOU,2.6,
WR,Jayden Higgins (44392460),Jayden Higgins,44392460,WR/FLEX,3000,HOU@TEN 10/11/2026 01:00PM ET,HOU,0,IR
WR,Lewis Bond (44392462),Lewis Bond,44392462,WR/FLEX,3000,HOU@TEN 10/11/2026 01:00PM ET,HOU,0,
WR,Daniel Sobkowicz (44392464),Daniel Sobkowicz,44392464,WR/FLEX,3000,HOU@TEN 10/11/2026 01:00PM ET,HOU,0,
WR,Josh Kelly (44392466),Josh Kelly,44392466,WR/FLEX,3000,HOU@TEN 10/11/2026 01:00PM ET,HOU,0,
WR,Treyvhon Saunders (44392468),Treyvhon Saunders,44392468,WR/FLEX,3000,HOU@TEN 10/11/2026 01:00PM ET,HOU,0,
WR,Ben Skowronek (44392470),Ben Skowronek,44392470,WR/FLEX,3000,IND@PIT 10/11/2026 01:00PM ET,PIT,3.1,
WR,Kaden Wetjen (44392472),Kaden Wetjen,44392472,WR/FLEX,3000,IND@PIT 10/11/2026 01:00PM ET,PIT,0,
WR,Cole Burgess (44392474),Cole Burgess,44392474,WR/FLEX,3000,IND@PIT 10/11/2026 01:00PM ET,PIT,0,IR
WR,Brandon Johnson (44392476),Brandon Johnson,44392476,WR/FLEX,3000,IND@PIT 10/11/2026 01:00PM ET,PIT,0,
WR,Isaiah Hodgins (44392478),Isaiah Hodgins,44392478,WR/FLEX,3000,IND@PIT 10/11/2026 01:00PM ET,PIT,0,
WR,Brandon Smith (44392480),Brandon Smith,44392480,WR/FLEX,3000,IND@PIT 10/11/2026 01:00PM ET,PIT,0,
WR,Ashton Dulin (44392482),Ashton Dulin,44392482,WR/FLEX,3000,IND@PIT 10/11/2026 01:00PM ET,IND,3,
WR,Anthony Gould (44392484),Anthony Gould,44392484,WR/FLEX,3000,IND@PIT 10/11/2026 01:00PM ET,IND,0,
WR,Nick Westbrook-Ikhine (44392486),Nick Westbrook-Ikhine,44392486,WR/FLEX,3000,IND@PIT 10/11/2026 01:00PM ET,IND,0,
WR,Alec Pierce (44392488),Alec Pierce,44392488,WR/FLEX,3000,IND@PIT 10/11/2026 01:00PM ET,IND,6.1,IR
WR,D.J. Montgomery (44392490),D.J. Montgomery,44392490,WR/FLEX,3000,IND@PIT 10/11/2026 01:00PM ET,IND,0,IR
WR,Eli Pancol (44392492),Eli Pancol,44392492,WR/FLEX,3000,IND@PIT 10/11/2026 01:00PM ET,IND,0,
WR,Malik McClain (44392494),Malik McClain,44392494,WR/FLEX,3000,CLE@NYJ 10/11/2026 01:00PM ET,NYJ,0,
WR,Jamaal Pritchett (44392496),Jamaal Pritchett,44392496,WR/FLEX,3000,CLE@NYJ 10/11/2026 01:00PM ET,NYJ,0,
WR,Sterling Shepard (44392498),Sterling Shepard,44392498,WR/FLEX,3000,CLE@NYJ 10/11/2026 01:00PM ET,NYJ,1.7,
WR,Tim Patrick (44392500),Tim Patrick,44392500,WR/FLEX,3000,CLE@NYJ 10/11/2026 01:00PM ET,NYJ,0,IR
WR,Omar Cooper Jr. (44392502),Omar Cooper Jr.,44392502,WR/FLEX,3000,CLE@NYJ 10/11/2026 01:00PM ET,NYJ,4,IR
WR,Arian Smith (44392504),Arian Smith,44392504,WR/FLEX,3000,CLE@NYJ 10/11/2026 01:00PM ET,NYJ,0,IR
WR,Tyler Johnson (44392506),Tyler Johnson,44392506,WR/FLEX,3000,CLE@NYJ 10/11/2026 01:00PM ET,NYJ,0,
WR,Isaiah Bond (44392508),Isaiah Bond,44392508,WR/FLEX,3000,CLE@NYJ 10/11/2026 01:00PM ET,CLE,0.8,
WR,Tylan Wallace (44392510),Tylan Wallace,44392510,WR/FLEX,3000,CLE@NYJ 10/11/2026 01:00PM ET,CLE,0,Q
WR,Malachi Corley (44392512),Malachi Corley,44392512,WR/FLEX,3000,CLE@NYJ 10/11/2026 01:00PM ET,CLE,-0.3,
WR,Bub Means (44392514),Bub Means,44392514,WR/FLEX,3000,CLE@NYJ 10/11/2026 01:00PM ET,CLE,0,
WR,Jimmy Horn Jr. (44392516),Jimmy Horn Jr.,44392516,WR/FLEX,3000,CLE@NYJ 10/11/2026 01:00PM ET,CLE,-1,
WR,Bryce Lance (44392518),Bryce Lance,44392518,WR/FLEX,3000,MIN@NO 10/11/2026 01:00PM ET,NO,3,
WR,Kevin Austin Jr. (44392520),Kevin Austin Jr.,44392520,WR/FLEX,3000,MIN@NO 10/11/2026 01:00PM ET,NO,0.6,
WR,Barion Brown (44392522),Barion Brown,44392522,WR/FLEX,3000,MIN@NO 10/11/2026 01:00PM ET,NO,0.2,
WR,Mason Tipton (44392524),Mason Tipton,44392524,WR/FLEX,3000,MIN@NO 10/11/2026 01:00PM ET,NO,0,OUT
WR,Jalen Moreno-Cropper (44392526),Jalen Moreno-Cropper,44392526,WR/FLEX,3000,MIN@NO 10/11/2026 01:00PM ET,NO,0,
WR,Cedric Tillman (44392528),Cedric Tillman,44392528,WR/FLEX,3000,MIN@NO 10/11/2026 01:00PM ET,NO,0,
WR,Kyrese Rowan (44392530),Kyrese Rowan,44392530,WR/FLEX,3000,MIN@NO 10/11/2026 01:00PM ET,NO,0,
WR,Trey Palmer (44392532),Trey Palmer,44392532,WR/FLEX,3000,MIN@NO 10/11/2026 01:00PM ET,NO,0,
WR,Tai Felton (44392534),Tai Felton,44392534,WR/FLEX,3000,MIN@NO 10/11/2026 01:00PM ET,MIN,0.6,
WR,Myles Price (44392536),Myles Price,44392536,WR/FLEX,3000,MIN@NO 10/11/2026 01:00PM ET,MIN,2.2,
WR,Jeshaun Jones (44392538),Jeshaun Jones,44392538,WR/FLEX,3000,MIN@NO 10/11/2026 01:00PM ET,MIN,0,
WR,Michael Briscoe (44392540),Michael Briscoe,44392540,WR/FLEX,3000,MIN@NO 10/11/2026 01:00PM ET,MIN,0,
WR,Dillon Bell (44392542),Dillon Bell,44392542,WR/FLEX,3000,MIN@NO 10/11/2026 01:00PM ET,MIN,0,
WR,A.J. Brown (44392544),A.J. Brown,44392544,WR/FLEX,3000,LV@NE 10/11/2026 01:00PM ET,NE,5.6,IR
WR,Jeremiah Webb (44392546),Jeremiah Webb,44392546,WR/FLEX,3000,LV@NE 10/11/2026 01:00PM ET,NE,0,IR
WR,Cameron Dorner (44392548),Cameron Dorner,44392548,WR/FLEX,3000,LV@NE 10/11/2026 01:00PM ET,NE,0,
WR,Chandler Brayboy (44392550),Chandler Brayboy,44392550,WR/FLEX,3000,LV@NE 10/11/2026 01:00PM ET,NE,0,
WR,Kyle Dixon (44392552),Kyle Dixon,44392552,WR/FLEX,3000,LV@NE 10/11/2026 01:00PM ET,NE,0,
WR,Dareke Young (44392554),Dareke Young,44392554,WR/FLEX,3000,LV@NE 10/11/2026 01:00PM ET,LV,1.2,
WR,Malik Benson (44392556),Malik Benson,44392556,WR/FLEX,3000,LV@NE 10/11/2026 01:00PM ET,LV,0.2,
WR,Corey Rucker (44392558),Corey Rucker,44392558,WR/FLEX,3000,LV@NE 10/11/2026 01:00PM ET,LV,0,IR
WR,Deven Thompkins (44392560),Deven Thompkins,44392560,WR/FLEX,3000,LV@NE 10/11/2026 01:00PM ET,LV,0,
WR,Phillip Dorsett II (44392562),Phillip Dorsett II,44392562,WR/FLEX,3000,LV@NE 10/11/2026 01:00PM ET,LV,0,
WR,Tyler Scott (44392564),Tyler Scott,44392564,WR/FLEX,3000,LV@NE 10/11/2026 01:00PM ET,LV,0,
WR,Kevin Coleman Jr. (44392566),Kevin Coleman Jr.,44392566,WR/FLEX,3000,CIN@MIA 10/11/2026 01:00PM ET,MIA,0.7,
WR,Jalen Tolbert (44392568),Jalen Tolbert,44392568,WR/FLEX,3000,CIN@MIA 10/11/2026 01:00PM ET,MIA,0,
WR,Ryan Miller (44392570),Ryan Miller,44392570,WR/FLEX,3000,CIN@MIA 10/11/2026 01:00PM ET,MIA,4.6,
WR,Jalen Reagor (44392572),Jalen Reagor,44392572,WR/FLEX,3000,CIN@MIA 10/11/2026 01:00PM ET,MIA,0,
WR,Will Sheppard (44392574),Will Sheppard,44392574,WR/FLEX,3000,CIN@MIA 10/11/2026 01:00PM ET,MIA,0,
WR,AJ Henning (44392576),AJ Henning,44392576,WR/FLEX,3000,CIN@MIA 10/11/2026 01:00PM ET,MIA,0,
WR,Andrei Iosivas (44392578),Andrei Iosivas,44392578,WR/FLEX,3000,CIN@MIA 10/11/2026 01:00PM ET,CIN,2.5,IR
WR,Ke'Shawn Williams (44392580),Ke'Shawn Williams,44392580,WR/FLEX,3000,CIN@MIA 10/11/2026 01:00PM ET,CIN,-1,
WR,Noah Thomas (44392582),Noah Thomas,44392582,WR/FLEX,3000,CIN@MIA 10/11/2026 01:00PM ET,CIN,0,
WR,Jordan Moore (44392584),Jordan Moore,44392584,WR/FLEX,3000,CIN@MIA 10/11/2026 01:00PM ET,CIN,0,
WR,Jacob Cowing (44392586),Jacob Cowing,44392586,WR/FLEX,3000,SF@SEA 10/11/2026 04:25PM ET,SF,0.1,
TE,Noah Fant (44392630),Noah Fant,44392630,TE/FLEX,3000,MIN@NO 10/11/2026 01:00PM ET,NO,10.9,OUT
DST,Lions (44392857),Lions,44392857,DST,3000,DET@ARI 10/11/2026 04:25PM ET,DET,4.3,
DST,Patriots (44392858),Patriots,44392858,DST,3000,LV@NE 10/11/2026 01:00PM ET,NE,7.8,
TE,Darnell Washington (44392632),Darnell Washington,44392632,TE/FLEX,2900,IND@PIT 10/11/2026 01:00PM ET,PIT,6.7,
DST,Bears (44392859),Bears,44392859,DST,2900,CHI@GB 10/11/2026 01:00PM ET,CHI,8,
DST,Commanders (44392860),Commanders,44392860,DST,2900,NYG@WAS 10/11/2026 01:00PM ET,WAS,4.3,
TE,Gunnar Helm (44392634),Gunnar Helm,44392634,TE/FLEX,2800,HOU@TEN 10/11/2026 01:00PM ET,TEN,4.3,
TE,Evan Engram (44392636),Evan Engram,44392636,TE/FLEX,2800,DEN@LAC 10/11/2026 04:05PM ET,DEN,4.7,
DST,Browns (44392861),Browns,44392861,DST,2800,CLE@NYJ 10/11/2026 01:00PM ET,CLE,5.3,
DST,Seahawks (44392862),Seahawks,44392862,DST,2800,SF@SEA 10/11/2026 04:25PM ET,SEA,8.8,
TE,Eli Raridon (44392638),Eli Raridon,44392638,TE/FLEX,2700,LV@NE 10/11/2026 01:00PM ET,NE,4.5,Q
TE,Jonnu Smith (44392640),Jonnu Smith,44392640,TE/FLEX,2700,CHI@GB 10/11/2026 01:00PM ET,GB,3.4,
TE,Elijah Higgins (44392642),Elijah Higgins,44392642,TE/FLEX,2700,DET@ARI 10/11/2026 04:25PM ET,ARI,3.7,
DST,Packers (44392863),Packers,44392863,DST,2700,CHI@GB 10/11/2026 01:00PM ET,GB,3,
DST,Jets (44392864),Jets,44392864,DST,2700,CLE@NYJ 10/11/2026 01:00PM ET,NYJ,5.3,
TE,Cole Kmet (44392644),Cole Kmet,44392644,TE/FLEX,2600,CHI@GB 10/11/2026 01:00PM ET,CHI,3.7,
TE,Theo Johnson (44392646),Theo Johnson,44392646,TE/FLEX,2600,NYG@WAS 10/11/2026 01:00PM ET,NYG,2.5,
TE,Drew Sample (44392648),Drew Sample,44392648,TE/FLEX,2600,CIN@MIA 10/11/2026 01:00PM ET,CIN,1.5,
DST,Saints (44392865),Saints,44392865,DST,2600,MIN@NO 10/11/2026 01:00PM ET,NO,3.7,
DST,Giants (44392866),Giants,44392866,DST,2600,NYG@WAS 10/11/2026 01:00PM ET,NYG,7.3,
TE,Charlie Kolar (44392650),Charlie Kolar,44392650,TE/FLEX,2500,DEN@LAC 10/11/2026 04:05PM ET,LAC,2.6,Q
TE,Foster Moreau (44392652),Foster Moreau,44392652,TE/FLEX,2500,HOU@TEN 10/11/2026 01:00PM ET,HOU,4.7,
TE,Eric Saubert (44392654),Eric Saubert,44392654,TE/FLEX,2500,SF@SEA 10/11/2026 04:25PM ET,SEA,2.1,
TE,Elijah Arroyo (44392656),Elijah Arroyo,44392656,TE/FLEX,2500,SF@SEA 10/11/2026 04:25PM ET,SEA,0.7,
TE,Nick Kallerup (44392658),Nick Kallerup,44392658,TE/FLEX,2500,SF@SEA 10/11/2026 04:25PM ET,SEA,0,
TE,Luke Farrell (44392660),Luke Farrell,44392660,TE/FLEX,2500,SF@SEA 10/11/2026 04:25PM ET,SF,1,
TE,Brayden Willis (44392662),Brayden Willis,44392662,TE/FLEX,2500,SF@SEA 10/11/2026 04:25PM ET,SF,0,
TE,Jake Tonges (44392664),Jake Tonges,44392664,TE/FLEX,2500,SF@SEA 10/11/2026 04:25PM ET,SF,0,IR
TE,Jack Stoll (44392666),Jack Stoll,44392666,TE/FLEX,2500,SF@SEA 10/11/2026 04:25PM ET,SF,0,
TE,Khalil Dinkins (44392668),Khalil Dinkins,44392668,TE/FLEX,2500,SF@SEA 10/11/2026 04:25PM ET,SF,0,
TE,Mark Redman (44392670),Mark Redman,44392670,TE/FLEX,2500,CHI@GB 10/11/2026 01:00PM ET,GB,1.2,
TE,Josh Whyle (44392672),Josh Whyle,44392672,TE/FLEX,2500,CHI@GB 10/11/2026 01:00PM ET,GB,0,
TE,Luke Musgrave (44392674),Luke Musgrave,44392674,TE/FLEX,2500,CHI@GB 10/11/2026 01:00PM ET,GB,0,OUT
TE,Thomas Yassmin (44392676),Thomas Yassmin,44392676,TE/FLEX,2500,CHI@GB 10/11/2026 01:00PM ET,GB,0,IR
TE,Drake Dabney (44392678),Drake Dabney,44392678,TE/FLEX,2500,CHI@GB 10/11/2026 01:00PM ET,GB,0,
TE,Sam Roush (44392680),Sam Roush,44392680,TE/FLEX,2500,CHI@GB 10/11/2026 01:00PM ET,CHI,1.6,
TE,Nikola Kalinic (44392682),Nikola Kalinic,44392682,TE/FLEX,2500,CHI@GB 10/11/2026 01:00PM ET,CHI,0,IR
TE,Hayden Large (44392684),Hayden Large,44392684,TE/FLEX,2500,CHI@GB 10/11/2026 01:00PM ET,CHI,0,IR
TE,Stephen Carlson (44392686),Stephen Carlson,44392686,TE/FLEX,2500,CHI@GB 10/11/2026 01:00PM ET,CHI,0,
TE,Qadir Ismail (44392688),Qadir Ismail,44392688,TE/FLEX,2500,CHI@GB 10/11/2026 01:00PM ET,CHI,0,
TE,Hunter Long (44392690),Hunter Long,44392690,TE/FLEX,2500,DET@ARI 10/11/2026 04:25PM ET,ARI,0.9,Q
TE,Tip Reiman (44392692),Tip Reiman,44392692,TE/FLEX,2500,DET@ARI 10/11/2026 04:25PM ET,ARI,0,OUT
TE,Jameson Geers (44392694),Jameson Geers,44392694,TE/FLEX,2500,DET@ARI 10/11/2026 04:25PM ET,ARI,0,IR
TE,Shawn Bowman (44392696),Shawn Bowman,44392696,TE/FLEX,2500,DET@ARI 10/11/2026 04:25PM ET,ARI,0,
TE,Teagan Quitoriano (44392698),Teagan Quitoriano,44392698,TE/FLEX,2500,DET@ARI 10/11/2026 04:25PM ET,ARI,0,
TE,Brock Wright (44392700),Brock Wright,44392700,TE/FLEX,2500,DET@ARI 10/11/2026 04:25PM ET,DET,1.5,
TE,Jackson Meeks (44392702),Jackson Meeks,44392702,TE/FLEX,2500,DET@ARI 10/11/2026 04:25PM ET,DET,0.5,
TE,Tyler Conklin (44392704),Tyler Conklin,44392704,TE/FLEX,2500,DET@ARI 10/11/2026 04:25PM ET,DET,0,
TE,Thomas Gordon (44392706),Thomas Gordon,44392706,TE/FLEX,2500,DET@ARI 10/11/2026 04:25PM ET,DET,0,
TE,Miles Kitselman (44392708),Miles Kitselman,44392708,TE/FLEX,2500,DET@ARI 10/11/2026 04:25PM ET,DET,0,
TE,Hayden Rucci (44392710),Hayden Rucci,44392710,TE/FLEX,2500,DEN@LAC 10/11/2026 04:05PM ET,LAC,0,
TE,Patrick Herbert (44392712),Patrick Herbert,44392712,TE/FLEX,2500,DEN@LAC 10/11/2026 04:05PM ET,LAC,0,
TE,David Njoku (44392714),David Njoku,44392714,TE/FLEX,2500,DEN@LAC 10/11/2026 04:05PM ET,LAC,6.4,IR
TE,Evan Svoboda (44392716),Evan Svoboda,44392716,TE/FLEX,2500,DEN@LAC 10/11/2026 04:05PM ET,LAC,0,
TE,Adam Trautman (44392718),Adam Trautman,44392718,TE/FLEX,2500,DEN@LAC 10/11/2026 04:05PM ET,DEN,0.8,
TE,Nate Adkins (44392720),Nate Adkins,44392720,TE/FLEX,2500,DEN@LAC 10/11/2026 04:05PM ET,DEN,5.2,
TE,Dallen Bentley (44392722),Dallen Bentley,44392722,TE/FLEX,2500,DEN@LAC 10/11/2026 04:05PM ET,DEN,0,
TE,Caleb Lohner (44392724),Caleb Lohner,44392724,TE/FLEX,2500,DEN@LAC 10/11/2026 04:05PM ET,DEN,0,IR
TE,Lucas Krull (44392726),Lucas Krull,44392726,TE/FLEX,2500,DEN@LAC 10/11/2026 04:05PM ET,DEN,0,
TE,Mitchell Fraboni (44392728),Mitchell Fraboni,44392728,TE/FLEX,2500,DEN@LAC 10/11/2026 04:05PM ET,DEN,0,
TE,Ben Sinnott (44392730),Ben Sinnott,44392730,TE/FLEX,2500,NYG@WAS 10/11/2026 01:00PM ET,WAS,0.4,
TE,John Bates (44392732),John Bates,44392732,TE/FLEX,2500,NYG@WAS 10/11/2026 01:00PM ET,WAS,1.3,
TE,Colson Yankoff (44392734),Colson Yankoff,44392734,TE/FLEX,2500,NYG@WAS 10/11/2026 01:00PM ET,WAS,0.9,
TE,Jack Westover (44392736),Jack Westover,44392736,TE/FLEX,2500,NYG@WAS 10/11/2026 01:00PM ET,WAS,0,
TE,Tyler Ott (44392738),Tyler Ott,44392738,TE/FLEX,2500,NYG@WAS 10/11/2026 01:00PM ET,WAS,0,
TE,Chris Manhertz (44392740),Chris Manhertz,44392740,TE/FLEX,2500,NYG@WAS 10/11/2026 01:00PM ET,NYG,0,
TE,Thomas Fidone II (44392742),Thomas Fidone II,44392742,TE/FLEX,2500,NYG@WAS 10/11/2026 01:00PM ET,NYG,0,
TE,Ben Mann (44392744),Ben Mann,44392744,TE/FLEX,2500,NYG@WAS 10/11/2026 01:00PM ET,NYG,0,
TE,Daniel Bellinger (44392746),Daniel Bellinger,44392746,TE/FLEX,2500,HOU@TEN 10/11/2026 01:00PM ET,TEN,1.6,
TE,David Martin-Robinson (44392748),David Martin-Robinson,44392748,TE/FLEX,2500,HOU@TEN 10/11/2026 01:00PM ET,TEN,0,
TE,Kylen Granson (44392750),Kylen Granson,44392750,TE/FLEX,2500,HOU@TEN 10/11/2026 01:00PM ET,TEN,0,
TE,Jaren Kanak (44392752),Jaren Kanak,44392752,TE/FLEX,2500,HOU@TEN 10/11/2026 01:00PM ET,TEN,0,IR
TE,Joel Wilson (44392754),Joel Wilson,44392754,TE/FLEX,2500,HOU@TEN 10/11/2026 01:00PM ET,TEN,0,
TE,Cade Stover (44392756),Cade Stover,44392756,TE/FLEX,2500,HOU@TEN 10/11/2026 01:00PM ET,HOU,1,
TE,Brevin Jordan (44392758),Brevin Jordan,44392758,TE/FLEX,2500,HOU@TEN 10/11/2026 01:00PM ET,HOU,1.2,
TE,Marlin Klein (44392760),Marlin Klein,44392760,TE/FLEX,2500,HOU@TEN 10/11/2026 01:00PM ET,HOU,0.9,
TE,Zaire Mitchell-Paden (44392762),Zaire Mitchell-Paden,44392762,TE/FLEX,2500,HOU@TEN 10/11/2026 01:00PM ET,HOU,0,
TE,Robert Tonyan (44392764),Robert Tonyan,44392764,TE/FLEX,2500,IND@PIT 10/11/2026 01:00PM ET,PIT,0.3,
TE,Lake McRee (44392766),Lake McRee,44392766,TE/FLEX,2500,IND@PIT 10/11/2026 01:00PM ET,PIT,0,
TE,Mo Alie-Cox (44392768),Mo Alie-Cox,44392768,TE/FLEX,2500,IND@PIT 10/11/2026 01:00PM ET,IND,0.7,
TE,Drew Ogletree (44392770),Drew Ogletree,44392770,TE/FLEX,2500,IND@PIT 10/11/2026 01:00PM ET,IND,0,
TE,Will Mallory (44392772),Will Mallory,44392772,TE/FLEX,2500,IND@PIT 10/11/2026 01:00PM ET,IND,0,IR
TE,Carson Towt (44392774),Carson Towt,44392774,TE/FLEX,2500,IND@PIT 10/11/2026 01:00PM ET,IND,0,IR
TE,Kenny Fletcher Jr. (44392776),Kenny Fletcher Jr.,44392776,TE/FLEX,2500,IND@PIT 10/11/2026 01:00PM ET,IND,0,
TE,Pharaoh Brown (44392778),Pharaoh Brown,44392778,TE/FLEX,2500,IND@PIT 10/11/2026 01:00PM ET,IND,0,
TE,Mason Taylor (44392780),Mason Taylor,44392780,TE/FLEX,2500,CLE@NYJ 10/11/2026 01:00PM ET,NYJ,0.9,D
TE,Jeremy Ruckert (44392782),Jeremy Ruckert,44392782,TE/FLEX,2500,CLE@NYJ 10/11/2026 01:00PM ET,NYJ,4.7,
TE,Jelani Woods (44392784),Jelani Woods,44392784,TE/FLEX,2500,CLE@NYJ 10/11/2026 01:00PM ET,NYJ,1.3,
TE,Cody Hardy (44392786),Cody Hardy,44392786,TE/FLEX,2500,CLE@NYJ 10/11/2026 01:00PM ET,NYJ,0,
TE,Blake Whiteheart (44392788),Blake Whiteheart,44392788,TE/FLEX,2500,CLE@NYJ 10/11/2026 01:00PM ET,CLE,2.8,
TE,Carsen Ryan (44392790),Carsen Ryan,44392790,TE/FLEX,2500,CLE@NYJ 10/11/2026 01:00PM ET,CLE,0,
TE,Joe Royer (44392792),Joe Royer,44392792,TE/FLEX,2500,CLE@NYJ 10/11/2026 01:00PM ET,CLE,0,OUT
TE,John FitzPatrick (44392794),John FitzPatrick,44392794,TE/FLEX,2500,CLE@NYJ 10/11/2026 01:00PM ET,CLE,0,
TE,Oscar Delp (44392796),Oscar Delp,44392796,TE/FLEX,2500,MIN@NO 10/11/2026 01:00PM ET,NO,0.9,
TE,Treyton Welch (44392798),Treyton Welch,44392798,TE/FLEX,2500,MIN@NO 10/11/2026 01:00PM ET,NO,0,
TE,Moliki Matavao (44392800),Moliki Matavao,44392800,TE/FLEX,2500,MIN@NO 10/11/2026 01:00PM ET,NO,0,IR
TE,Stone Smartt (44392802),Stone Smartt,44392802,TE/FLEX,2500,MIN@NO 10/11/2026 01:00PM ET,NO,0,
TE,Cal Adomitis (44392804),Cal Adomitis,44392804,TE/FLEX,2500,MIN@NO 10/11/2026 01:00PM ET,NO,0,
TE,Zach Wood (44392806),Zach Wood,44392806,TE/FLEX,2500,MIN@NO 10/11/2026 01:00PM ET,NO,0,IR
TE,Gavin Bartholomew (44392808),Gavin Bartholomew,44392808,TE/FLEX,2500,MIN@NO 10/11/2026 01:00PM ET,MIN,0.4,
TE,Ben Yurosek (44392810),Ben Yurosek,44392810,TE/FLEX,2500,MIN@NO 10/11/2026 01:00PM ET,MIN,0,IR
TE,Josh Oliver (44392812),Josh Oliver,44392812,TE/FLEX,2500,MIN@NO 10/11/2026 01:00PM ET,MIN,2.5,IR
TE,Andrew DePaola (44392814),Andrew DePaola,44392814,TE/FLEX,2500,MIN@NO 10/11/2026 01:00PM ET,MIN,0,
TE,Cam Grandy (44392816),Cam Grandy,44392816,TE/FLEX,2500,MIN@NO 10/11/2026 01:00PM ET,MIN,0,
TE,Cameron Latu (44392818),Cameron Latu,44392818,TE/FLEX,2500,LV@NE 10/11/2026 01:00PM ET,NE,0,
TE,Tanner Arkin (44392820),Tanner Arkin,44392820,TE/FLEX,2500,LV@NE 10/11/2026 01:00PM ET,NE,0,
TE,Julian Hill (44392822),Julian Hill,44392822,TE/FLEX,2500,LV@NE 10/11/2026 01:00PM ET,NE,0,IR
TE,Tanner Conner (44392824),Tanner Conner,44392824,TE/FLEX,2500,LV@NE 10/11/2026 01:00PM ET,NE,0,
TE,Ian Thomas (44392826),Ian Thomas,44392826,TE/FLEX,2500,LV@NE 10/11/2026 01:00PM ET,LV,3.3,
TE,Carter Runyon (44392828),Carter Runyon,44392828,TE/FLEX,2500,LV@NE 10/11/2026 01:00PM ET,LV,0,IR
TE,Chris Myarick (44392830),Chris Myarick,44392830,TE/FLEX,2500,LV@NE 10/11/2026 01:00PM ET,LV,0,
TE,Patrick Gurd (44392832),Patrick Gurd,44392832,TE/FLEX,2500,LV@NE 10/11/2026 01:00PM ET,LV,0,
TE,Will Kacmarek (44392834),Will Kacmarek,44392834,TE/FLEX,2500,CIN@MIA 10/11/2026 01:00PM ET,MIA,1,
TE,Seydou Traore (44392836),Seydou Traore,44392836,TE/FLEX,2500,CIN@MIA 10/11/2026 01:00PM ET,MIA,0,
TE,Justin Joly (44392838),Justin Joly,44392838,TE/FLEX,2500,CIN@MIA 10/11/2026 01:00PM ET,MIA,0,
TE,Cole Turner (44392840),Cole Turner,44392840,TE/FLEX,2500,CIN@MIA 10/11/2026 01:00PM ET,MIA,0,IR
TE,Tre Watson (44392842),Tre Watson,44392842,TE/FLEX,2500,CIN@MIA 10/11/2026 01:00PM ET,MIA,0,
TE,Erick All Jr. (44392844),Erick All Jr.,44392844,TE/FLEX,2500,CIN@MIA 10/11/2026 01:00PM ET,CIN,0.6,
TE,Tanner Hudson (44392846),Tanner Hudson,44392846,TE/FLEX,2500,CIN@MIA 10/11/2026 01:00PM ET,CIN,2,
TE,Jack Endries (44392848),Jack Endries,44392848,TE/FLEX,2500,CIN@MIA 10/11/2026 01:00PM ET,CIN,0,
TE,William Wagner (44392850),William Wagner,44392850,TE/FLEX,2500,CIN@MIA 10/11/2026 01:00PM ET,CIN,0,
DST,Colts (44392867),Colts,44392867,DST,2500,IND@PIT 10/11/2026 01:00PM ET,IND,3.3,
DST,Raiders (44392868),Raiders,44392868,DST,2500,LV@NE 10/11/2026 01:00PM ET,LV,9.5,
DST,49ers (44392869),49ers,44392869,DST,2400,SF@SEA 10/11/2026 04:25PM ET,SF,5,
DST,Chargers (44392870),Chargers,44392870,DST,2300,DEN@LAC 10/11/2026 04:05PM ET,LAC,5.8,
DST,Cardinals (44392871),Cardinals,44392871,DST,2200,DET@ARI 10/11/2026 04:25PM ET,ARI,4.8,
DST,Titans (44392872),Titans,44392872,DST,2100,HOU@TEN 10/11/2026 01:00PM ET,TEN,4,
DST,Dolphins (44392873),Dolphins,44392873,DST,2000,CIN@MIA 10/11/2026 01:00PM ET,MIA,1.8,
